open,read,/data-sets/snap/db=ac_nmdwh,table=dim_domain_mkt_hist
open,read,/data-sets/snap/db=auctions_ta,table=domains
open,read,/data-sets/snap/db=auctions_ta,table=domains_archive
open,read,/data-sets/snap/db=auctions_ta,table=fulfillment
open,read,/data-sets/snap/db=auctions_ta,table=fulfillment_archive
open,read,/data-sets/snap/db=auctions_ta,table=ta
open,read,/data-sets/snap/db=auctions_ta,table=ta_archive
open,read,/data-sets/snap/db=bigreporting,table=dim_product
open,read,/data-sets/snap/db=bigreporting,table=rpt_receipt_item_freetrialdetail_history
open,read,/data-sets/snap/db=bigreporting,table=rptcountry
open,read,/data-sets/snap/db=bigreporting,table=rptcurrencyconversionrate
open,read,/data-sets/snap/db=bigreporting,table=rptfreetrialconversion
open,read,/data-sets/snap/db=bigreporting,table=rptnewcustomerdetail
open,read,/data-sets/snap/db=bigreporting,table=rptorderdetail
open,read,/data-sets/snap/db=bigreporting,table=rptorderdetailexcludeorders
open,read,/data-sets/snap/db=bigreporting,table=rptrefunddetail
open,read,/data-sets/snap/db=bigreporting,table=rptregion
open,read,/data-sets/snap/db=c3_crm,table=callmain
open,read,/data-sets/snap/db=c3_crm,table=crm_cancellationrequest
open,read,/data-sets/snap/db=c3_crm,table=crm_outbound
open,read,/data-sets/snap/db=c3_crm,table=crm_outbound_mtm_resource
open,read,/data-sets/snap/db=c3_crm,table=crm_outboundaudit
open,read,/data-sets/snap/db=c3_crm,table=crm_outboundstatelookup
open,read,/data-sets/snap/db=c3_crm,table=crm_predictivedialerreconciliation
open,read,/data-sets/snap/db=c3_crm,table=crm_refundreasonlookup
open,read,/data-sets/snap/db=c3_crm,table=crm_refundrequest
open,read,/data-sets/snap/db=c3_crm,table=crm_refundrequestdetail
open,read,/data-sets/snap/db=c3_crm,table=crm_taskactionlookup
open,read,/data-sets/snap/db=c3_crm,table=crm_ucid
open,read,/data-sets/snap/db=c3_crm,table=crm_ucid_mtm_chat
open,read,/data-sets/snap/db=c3_crm,table=crm_ucid_mtm_order
open,read,/data-sets/snap/db=c3_crm,table=crm_ucid_mtm_shopper
open,read,/data-sets/snap/db=c3_crm,table=disposition
open,read,/data-sets/snap/db=c3_iris,table=iriscategory
open,read,/data-sets/snap/db=c3_iris,table=irisgroup
open,read,/data-sets/snap/db=c3_iris,table=irisincidentaction
open,read,/data-sets/snap/db=c3_iris,table=irisincidentlog
open,read,/data-sets/snap/db=c3_iris,table=irisincidentmain
open,read,/data-sets/snap/db=c3_iris,table=irispriority
open,read,/data-sets/snap/db=c3_iris,table=irisservice
open,read,/data-sets/snap/db=c3_iris,table=irisstatus
open,read,/data-sets/snap/db=c3_repinfo,table=crm_locationlookup
open,read,/data-sets/snap/db=c3_repinfo,table=crm_rephierarchy
open,read,/data-sets/snap/db=c3_repinfo,table=emdepartment
open,read,/data-sets/snap/db=c3_repinfo,table=emlocation
open,read,/data-sets/snap/db=c3_repinfo,table=emreptype
open,read,/data-sets/snap/db=c3_repinfo,table=emrepversion
open,read,/data-sets/snap/db=c3_repinfo,table=emrepversionmtmemshiftschedule
open,read,/data-sets/snap/db=c3_repinfo,table=emshift
open,read,/data-sets/snap/db=c3_repinfo,table=emshiftscheduledayofweek
open,read,/data-sets/snap/db=c3_repinfo,table=manager_user_catagories
open,read,/data-sets/snap/db=c3_repinfo,table=manager_user_mtm_team
open,read,/data-sets/snap/db=c3_repinfo,table=manager_users
open,read,/data-sets/snap/db=c3_shoppernotes,table=gdnoteaccessreason
open,read,/data-sets/snap/db=c3_shoppernotes,table=gdnotecustomernote
open,read,/data-sets/snap/db=c3_shoppernotes,table=gdnotefootprint
open,read,/data-sets/snap/db=c3_shoppernotes,table=gdnotenotetypelookup
open,read,/data-sets/snap/db=c3_shoppernotes,table=gdnotetemplate
open,read,/data-sets/snap/db=c3_shoppernotes,table=gdnotevalidationtype
open,read,/data-sets/snap/db=c3_systemnotes,table=gdnotesshoppernote
open,read,/data-sets/snap/db=callcenterreporting,table=crm_locationlookup
open,read,/data-sets/snap/db=callcenterreporting,table=crm_rephierarchy
open,read,/data-sets/snap/db=callcenterreporting,table=orksegment
open,read,/data-sets/snap/db=callcenterreporting,table=rpt_c3_orders
open,read,/data-sets/snap/db=callcenterreporting,table=rpt_c3_orders_ordersource
open,read,/data-sets/snap/db=callcenterreporting,table=rpt_c3_refundrepurchase
open,read,/data-sets/snap/db=callcenterreporting,table=rpt_c3_refunds
open,read,/data-sets/snap/db=callcenterreporting,table=rptc3departments
open,read,/data-sets/snap/db=callcenterreporting,table=rptcallcentercalltype_audit
open,read,/data-sets/snap/db=callcenterreporting,table=rptcalltypemaster
open,read,/data-sets/snap/db=callcenterreporting,table=rptdailystatsbyrep
open,read,/data-sets/snap/db=callcenterreporting,table=rptdimc3calltype
open,read,/data-sets/snap/db=callcenterreporting,table=rptdimc3campaign
open,read,/data-sets/snap/db=callcenterreporting,table=rptdimc3taskdisposition
open,read,/data-sets/snap/db=callcenterreporting,table=rptfactc3inboundcall
open,read,/data-sets/snap/db=callcenterreporting,table=rptfactc3outboundcall
open,read,/data-sets/snap/db=callcenterreporting,table=rptgenpactorders
open,read,/data-sets/snap/db=callcenterreporting,table=rptlocationlookup
open,read,/data-sets/snap/db=callcenterreporting,table=t_agent
open,read,/data-sets/snap/db=callcenterreporting,table=t_call_type_half_hour
open,read,/data-sets/snap/db=callcenterreporting,table=t_campaign
open,read,/data-sets/snap/db=callcenterreporting,table=t_dialer_detail
open,read,/data-sets/snap/db=callcenterreporting,table=t_skill_group
open,read,/data-sets/snap/db=callcenterreporting,table=termination_call_detail
open,read,/data-sets/snap/db=crmnotes,table=supportchannel
open,read,/data-sets/snap/db=crmnotes,table=ticketnotes
open,read,/data-sets/snap/db=crmnotes,table=tickets
open,read,/data-sets/snap/db=crmnotes,table=ticketstate
open,read,/data-sets/snap/db=crmnotes,table=tickettype
open,read,/data-sets/snap/db=cust_contact,table=contact_email
open,read,/data-sets/snap/db=cust_contact,table=contact_email_bounce
open,read,/data-sets/snap/db=cust_contact,table=contact_email_open
open,read,/data-sets/snap/db=cust_contact,table=contact_emailrespondermart
open,read,/data-sets/snap/db=cust_contact,table=customermap
open,read,/data-sets/snap/db=cust_customertracking,table=gdshoppercrossover
open,read,/data-sets/snap/db=cust_customertracking,table=rptdimportfoliosegment
open,read,/data-sets/snap/db=cust_customertracking,table=segment
open,read,/data-sets/snap/db=cust_customertracking,table=shopperheader
open,read,/data-sets/snap/db=cust_customertracking,table=shopperheaderaudit
open,read,/data-sets/snap/db=cust_customertracking,table=shopperlcaprobability
open,read,/data-sets/snap/db=cust_survey,table=csf_answer
open,read,/data-sets/snap/db=cust_survey,table=csf_classificationtype
open,read,/data-sets/snap/db=cust_survey,table=csf_question
open,read,/data-sets/snap/db=cust_survey,table=csf_survey
open,read,/data-sets/snap/db=cust_survey,table=csf_surveysent
open,read,/data-sets/snap/db=cust_survey,table=csf_surveysource
open,read,/data-sets/snap/db=cust_survey,table=csf_surveytaken
open,read,/data-sets/snap/db=cust_survey,table=csf_surveytakenanswers
open,read,/data-sets/snap/db=customer_consent,table=journal
open,read,/data-sets/snap/db=customer_consent,table=resources
open,read,/data-sets/snap/db=domainalert,table=backorderhistory
open,read,/data-sets/snap/db=domainalert,table=backordertype
open,read,/data-sets/snap/db=domainalert,table=ddc_domainmonitiorbackordercontactmessage
open,read,/data-sets/snap/db=domainalert,table=dna_dropcaughtdomainauctions
open,read,/data-sets/snap/db=domainalert,table=domainbackorderregistrations
open,read,/data-sets/snap/db=domainalert,table=domainbackorderregistrations_audit
open,read,/data-sets/snap/db=domainalert,table=domainbackorderrequesttype
open,read,/data-sets/snap/db=domainalert,table=domainbackorderstatus
open,read,/data-sets/snap/db=domainalert,table=domainmonitor
open,read,/data-sets/snap/db=domainalert,table=domainmonitorbilling
open,read,/data-sets/snap/db=domains,table=agreementinfo
open,read,/data-sets/snap/db=domains,table=agreements
open,read,/data-sets/snap/db=domains,table=contacts
open,read,/data-sets/snap/db=domains,table=contactsaddress
open,read,/data-sets/snap/db=domains,table=contacttypelist
open,read,/data-sets/snap/db=domains,table=dcc_domainvaluation
open,read,/data-sets/snap/db=domains,table=dna_auctionstatus
open,read,/data-sets/snap/db=domains,table=dna_domainexpiredauctions
open,read,/data-sets/snap/db=domains,table=dna_domainexpiredauctions_audit
open,read,/data-sets/snap/db=domains,table=dna_shopperauction
open,read,/data-sets/snap/db=domains,table=dns_domainproduct
open,read,/data-sets/snap/db=domains,table=domaininfo
open,read,/data-sets/snap/db=domains,table=domaininfo_backendapiprovider
open,read,/data-sets/snap/db=domains,table=domaininfo_status
open,read,/data-sets/snap/db=domains,table=domaininfoaudit
open,read,/data-sets/snap/db=domains,table=domaininfoaudit_2012m11
open,read,/data-sets/snap/db=domains,table=domaininfoaudit_2012m11_2016
open,read,/data-sets/snap/db=domains,table=domaininfoauditlog
open,read,/data-sets/snap/db=domains,table=domainproduct_email
open,read,/data-sets/snap/db=domains,table=domainproduct_hosting
open,read,/data-sets/snap/db=domains,table=hubdata
open,read,/data-sets/snap/db=domains,table=internalregistrar
open,read,/data-sets/snap/db=domains,table=language
open,read,/data-sets/snap/db=domains,table=nameserverchangetype
open,read,/data-sets/snap/db=domains,table=nameserverhistory
open,read,/data-sets/snap/db=domains,table=nameserverinfo
open,read,/data-sets/snap/db=domains,table=ownerchangedomains
open,read,/data-sets/snap/db=domains,table=ownerchangeinfo
open,read,/data-sets/snap/db=domains,table=premiumdomaininfo
open,read,/data-sets/snap/db=domains,table=premiumdomaininfoaudit
open,read,/data-sets/snap/db=domains,table=premiumdomainstatus
open,read,/data-sets/snap/db=domains,table=rec_domaincancellation
open,read,/data-sets/snap/db=domains,table=rec_domainregistration
open,read,/data-sets/snap/db=domains,table=rec_domaintransferin
open,read,/data-sets/snap/db=domains,table=rec_domaintransferout
open,read,/data-sets/snap/db=domains,table=registrargroups
open,read,/data-sets/snap/db=domains,table=registrars
open,read,/data-sets/snap/db=domains,table=registryhosts
open,read,/data-sets/snap/db=domains,table=rs_registrar
open,read,/data-sets/snap/db=domains,table=shopperdomainlist
open,read,/data-sets/snap/db=domains,table=statecodetranslation
open,read,/data-sets/snap/db=domains,table=statuschangerules_audit
open,read,/data-sets/snap/db=domains,table=tlddata
open,read,/data-sets/snap/db=domains,table=tlds
open,read,/data-sets/snap/db=domains_whois_icann,table=icann_compliance_adminemail_redpointstaging
open,read,/data-sets/snap/db=email_consent,table=journal
open,read,/data-sets/snap/db=email_consent,table=resources
open,read,/data-sets/snap/db=emailsystem,table=oc_contentblockcategory
open,read,/data-sets/snap/db=emailsystem,table=oc_contentblockkey
open,read,/data-sets/snap/db=emailsystem,table=oc_contentblocksubcategory
open,read,/data-sets/snap/db=emailsystem,table=oc_emailqueuedetail
open,read,/data-sets/snap/db=emailsystem,table=oc_emailqueuefailure
open,read,/data-sets/snap/db=emailsystem,table=oc_emailqueuesuccess
open,read,/data-sets/snap/db=emailsystem,table=oc_emailqueuesuccesssable
open,read,/data-sets/snap/db=emailsystem,table=oc_emailqueuesuccesstracking
open,read,/data-sets/snap/db=emailsystem,table=oc_emailqueuesuccesstrackingclick
open,read,/data-sets/snap/db=emailsystem,table=tes_marketlocale
open,read,/data-sets/snap/db=emailsystem,table=tes_reportingcategory
open,read,/data-sets/snap/db=emailsystem,table=tes_reportingobjective
open,read,/data-sets/snap/db=emailsystem,table=tes_reportingoptinstatus
open,read,/data-sets/snap/db=emailsystem,table=tes_reportingproductcontent
open,read,/data-sets/snap/db=emailsystem,table=tes_reportingsubcategory
open,read,/data-sets/snap/db=emailsystem,table=tes_reportingsubobjective
open,read,/data-sets/snap/db=emailsystem,table=tes_reportingtriggertype
open,read,/data-sets/snap/db=emailsystem,table=tes_template
open,read,/data-sets/snap/db=emailsystem,table=tes_templatecategory
open,read,/data-sets/snap/db=emailsystem,table=tes_templatecontent
open,read,/data-sets/snap/db=emailsystem,table=tes_templatereporting
open,read,/data-sets/snap/db=fortknox,table=fortknox_shopper
open,read,/data-sets/snap/db=fortknox,table=fortknox_shopperaudit_filter1
open,read,/data-sets/snap/db=fortknox,table=tdacustomerhierarchy
open,read,/data-sets/snap/db=fortknox,table=tdaemailattributes
open,read,/data-sets/snap/db=fortknoxdelegation,table=delegationlevel
open,read,/data-sets/snap/db=fortknoxdelegation,table=shopperdelegation
open,read,/data-sets/snap/db=fortknoxdelegation,table=shopperdelegationaudit
open,read,/data-sets/snap/db=fortknoxdelegation,table=shopperdelegationinvite
open,read,/data-sets/snap/db=fos_orion,table=account
open,read,/data-sets/snap/db=fos_orion,table=accountattribute
open,read,/data-sets/snap/db=fos_orion,table=accountattributeelement
open,read,/data-sets/snap/db=fos_orion,table=attributetype
open,read,/data-sets/snap/db=fos_orion,table=customer
open,read,/data-sets/snap/db=fos_orion,table=customeraccounts
open,read,/data-sets/snap/db=fos_orion,table=elementtype
open,read,/data-sets/snap/db=fos_orion,table=productattribute
open,read,/data-sets/snap/db=fos_orion,table=productattributeelement
open,read,/data-sets/snap/db=fos_orion,table=status
open,read,/data-sets/snap/db=fraud,table=chargebackactionaudittrail
open,read,/data-sets/snap/db=fraud,table=chargebackmerchant
open,read,/data-sets/snap/db=fraud,table=chargebacknote
open,read,/data-sets/snap/db=fraud,table=chargebackorderreview
open,read,/data-sets/snap/db=fraud,table=chargebackreview
open,read,/data-sets/snap/db=fraud,table=chargebackreview_archive
open,read,/data-sets/snap/db=fraud,table=chargebackreview_otm_orderreview
open,read,/data-sets/snap/db=fraud,table=chargebackreviewhistory
open,read,/data-sets/snap/db=fraud,table=chargebackstatus
open,read,/data-sets/snap/db=fraud,table=chargebackstatusaudittrail
open,read,/data-sets/snap/db=fraud,table=chargebacktype
open,read,/data-sets/snap/db=fraud,table=fraudactionaudittrail
open,read,/data-sets/snap/db=fraud,table=fraudanalysis
open,read,/data-sets/snap/db=fraud,table=fraudbin
open,read,/data-sets/snap/db=fraud,table=fraudcustomnote
open,read,/data-sets/snap/db=fraud,table=fraudiplookup
open,read,/data-sets/snap/db=fraud,table=fraudreview
open,read,/data-sets/snap/db=fraud,table=fraudreview_otm_orderreview
open,read,/data-sets/snap/db=fraud,table=fraudreviewdispositiontype
open,read,/data-sets/snap/db=fraud,table=fraudreviewhistory
open,read,/data-sets/snap/db=fraud,table=fraudreviewsource
open,read,/data-sets/snap/db=fraud,table=fraudreviewstatus
open,read,/data-sets/snap/db=fraud,table=fraudruletype
open,read,/data-sets/snap/db=fraud,table=fraudstatusaudittrail
open,read,/data-sets/snap/db=fraud,table=orderreview
open,read,/data-sets/snap/db=fraud,table=pksequence
open,read,/data-sets/snap/db=gddelayedpayment,table=gdshop_invoice_header
open,read,/data-sets/snap/db=gddelayedpayment,table=gdshop_invoice_item
open,read,/data-sets/snap/db=gdmastercatalog,table=catalog_countrysite
open,read,/data-sets/snap/db=gdmastercatalog,table=catalog_pricegroup
open,read,/data-sets/snap/db=gdmastercatalog,table=catalog_pricegrouptype
open,read,/data-sets/snap/db=gdmastercatalog,table=catalog_product
open,read,/data-sets/snap/db=gdmastercatalog,table=catalog_productprivatelabelprice
open,read,/data-sets/snap/db=gdmastercatalog,table=catalog_productprivatelabelpricesale
open,read,/data-sets/snap/db=gdmastercatalog,table=catalog_productresellertype
open,read,/data-sets/snap/db=gdmastercatalog,table=catalog_productresellertypeprice
open,read,/data-sets/snap/db=gdmasterpromo,table=gdshop_promoinjectedrevenuevendor
open,read,/data-sets/snap/db=gdmasterpromo,table=gdshop_promostandard
open,read,/data-sets/snap/db=gdmasterpromo,table=gdshop_promostandardaward
open,read,/data-sets/snap/db=gdmasterpromo,table=gdshop_promostandardcondition
open,read,/data-sets/snap/db=gdmasterpromo,table=prs_redemptioncode
open,read,/data-sets/snap/db=gdmasterpromo,table=prs_redemptioncodestatus
open,read,/data-sets/snap/db=godaddy,table=acct_company
open,read,/data-sets/snap/db=godaddy,table=acct_domaintransactiontype
open,read,/data-sets/snap/db=godaddy,table=acct_glchart
open,read,/data-sets/snap/db=godaddy,table=acct_merchantaccount
open,read,/data-sets/snap/db=godaddy,table=bb_emailgroupconstant
open,read,/data-sets/snap/db=godaddy,table=bb_emailgroupconstantlocalevalue
open,read,/data-sets/snap/db=godaddy,table=crm_callreasoncategory
open,read,/data-sets/snap/db=godaddy,table=crm_callreasonprod_mtm_cat
open,read,/data-sets/snap/db=godaddy,table=crm_callreasonproduct
open,read,/data-sets/snap/db=godaddy,table=crm_callreasonsave
open,read,/data-sets/snap/db=godaddy,table=crm_newshopperproductexclusionlookup
open,read,/data-sets/snap/db=godaddy,table=crm_newshoppertransfers
open,read,/data-sets/snap/db=godaddy,table=crm_portfolio
open,read,/data-sets/snap/db=godaddy,table=crm_portfolio_audit
open,read,/data-sets/snap/db=godaddy,table=crm_portfoliometric
open,read,/data-sets/snap/db=godaddy,table=crm_portfolioshoppermap
open,read,/data-sets/snap/db=godaddy,table=crm_portfoliostatus
open,read,/data-sets/snap/db=godaddy,table=crm_portfoliotype
open,read,/data-sets/snap/db=godaddy,table=crm_portfoliotype_audit
open,read,/data-sets/snap/db=godaddy,table=crm_portfoliotype_mtm_manageruser_audit
open,read,/data-sets/snap/db=godaddy,table=crm_productbillingnamespace
open,read,/data-sets/snap/db=godaddy,table=crm_receipt_move_audit
open,read,/data-sets/snap/db=godaddy,table=crm_shoppersourcetypelookup
open,read,/data-sets/snap/db=godaddy,table=crm_socialmediainfluencer
open,read,/data-sets/snap/db=godaddy,table=dba_emailtemplate
open,read,/data-sets/snap/db=godaddy,table=dba_emailtemplate_mtm_source_code
open,read,/data-sets/snap/db=godaddy,table=dba_emailtemplatehistory
open,read,/data-sets/snap/db=godaddy,table=dba_emailtemplatelookup
open,read,/data-sets/snap/db=godaddy,table=dba_parkedtemplate
open,read,/data-sets/snap/db=godaddy,table=dba_product_types
open,read,/data-sets/snap/db=godaddy,table=dbp_authletteremailhistory
open,read,/data-sets/snap/db=godaddy,table=dbp_authletterrequest
open,read,/data-sets/snap/db=godaddy,table=dbp_carrier
open,read,/data-sets/snap/db=godaddy,table=dbp_domaincontactinfo
open,read,/data-sets/snap/db=godaddy,table=dbp_domaincontactinfoaudit
open,read,/data-sets/snap/db=godaddy,table=dbp_incident
open,read,/data-sets/snap/db=godaddy,table=dbp_message
open,read,/data-sets/snap/db=godaddy,table=dbp_packagedetail
open,read,/data-sets/snap/db=godaddy,table=dbp_packagetype
open,read,/data-sets/snap/db=godaddy,table=dbp_userpackagestatus
open,read,/data-sets/snap/db=godaddy,table=dns_servers_nameservers
open,read,/data-sets/snap/db=godaddy,table=email_group
open,read,/data-sets/snap/db=godaddy,table=email_groupconstant
open,read,/data-sets/snap/db=godaddy,table=email_groupdetail
open,read,/data-sets/snap/db=godaddy,table=email_mcp
open,read,/data-sets/snap/db=godaddy,table=fraudproducttypesfilterforprocessing
open,read,/data-sets/snap/db=godaddy,table=gdshop_abandonedcartemaillog
open,read,/data-sets/snap/db=godaddy,table=gdshop_abandonedcartemailresult
open,read,/data-sets/snap/db=godaddy,table=gdshop_account_status_id
open,read,/data-sets/snap/db=godaddy,table=gdshop_adword
open,read,/data-sets/snap/db=godaddy,table=gdshop_adwordcoupon
open,read,/data-sets/snap/db=godaddy,table=gdshop_adwordcouponamount
open,read,/data-sets/snap/db=godaddy,table=gdshop_adwordcouponamount_mtm_gdshop_product_resellertype
open,read,/data-sets/snap/db=godaddy,table=gdshop_adwordcouponbatch
open,read,/data-sets/snap/db=godaddy,table=gdshop_bizsparksubmission
open,read,/data-sets/snap/db=godaddy,table=gdshop_blockedcountry
open,read,/data-sets/snap/db=godaddy,table=gdshop_blockedcountryregion
open,read,/data-sets/snap/db=godaddy,table=gdshop_bundle_billing
open,read,/data-sets/snap/db=godaddy,table=gdshop_buyerprofile
open,read,/data-sets/snap/db=godaddy,table=gdshop_commissionjunction
open,read,/data-sets/snap/db=godaddy,table=gdshop_common_purchase_log
open,read,/data-sets/snap/db=godaddy,table=gdshop_common_purchase_log_mtm_resource
open,read,/data-sets/snap/db=godaddy,table=gdshop_crosssellconfiguration
open,read,/data-sets/snap/db=godaddy,table=gdshop_currencytype
open,read,/data-sets/snap/db=godaddy,table=gdshop_currencytypeconversionrate
open,read,/data-sets/snap/db=godaddy,table=gdshop_deferrmentconfigurationtype
open,read,/data-sets/snap/db=godaddy,table=gdshop_dependent_resource
open,read,/data-sets/snap/db=godaddy,table=gdshop_dept
open,read,/data-sets/snap/db=godaddy,table=gdshop_dept_prod_acct_gr
open,read,/data-sets/snap/db=godaddy,table=gdshop_dept_prod_acct_gr_name
open,read,/data-sets/snap/db=godaddy,table=gdshop_dns_billing
open,read,/data-sets/snap/db=godaddy,table=gdshop_domain_registration
open,read,/data-sets/snap/db=godaddy,table=gdshop_domain_registration_offset
open,read,/data-sets/snap/db=godaddy,table=gdshop_domain_registration_premiumattributes
open,read,/data-sets/snap/db=godaddy,table=gdshop_domainregistry
open,read,/data-sets/snap/db=godaddy,table=gdshop_email
open,read,/data-sets/snap/db=godaddy,table=gdshop_email_list
open,read,/data-sets/snap/db=godaddy,table=gdshop_email_servers
open,read,/data-sets/snap/db=godaddy,table=gdshop_employeediscountshopper
open,read,/data-sets/snap/db=godaddy,table=gdshop_fraudulent_email
open,read,/data-sets/snap/db=godaddy,table=gdshop_free_product_package
open,read,/data-sets/snap/db=godaddy,table=gdshop_free_product_package_detail
open,read,/data-sets/snap/db=godaddy,table=gdshop_free_product_package_group
open,read,/data-sets/snap/db=godaddy,table=gdshop_free_product_package_mtm_privatelabel
open,read,/data-sets/snap/db=godaddy,table=gdshop_free_product_package_mtm_resellertype
open,read,/data-sets/snap/db=godaddy,table=gdshop_freedownloads
open,read,/data-sets/snap/db=godaddy,table=gdshop_gateway
open,read,/data-sets/snap/db=godaddy,table=gdshop_googleadwordcoupon
open,read,/data-sets/snap/db=godaddy,table=gdshop_googleadwordcouponamount
open,read,/data-sets/snap/db=godaddy,table=gdshop_googleadwordpromotion
open,read,/data-sets/snap/db=godaddy,table=gdshop_hosting_servers
open,read,/data-sets/snap/db=godaddy,table=gdshop_interestlist_mtm_gdshop_shopper
open,read,/data-sets/snap/db=godaddy,table=gdshop_invoiceactivitystatushistory
open,read,/data-sets/snap/db=godaddy,table=gdshop_item_tracking
open,read,/data-sets/snap/db=godaddy,table=gdshop_item_trackinggroup
open,read,/data-sets/snap/db=godaddy,table=gdshop_maintenance_notice
open,read,/data-sets/snap/db=godaddy,table=gdshop_marketplacecommissiontype
open,read,/data-sets/snap/db=godaddy,table=gdshop_mask_billing
open,read,/data-sets/snap/db=godaddy,table=gdshop_membership_billing
open,read,/data-sets/snap/db=godaddy,table=gdshop_merged_shoppers
open,read,/data-sets/snap/db=godaddy,table=gdshop_mktg_contact
open,read,/data-sets/snap/db=godaddy,table=gdshop_mktg_publication
open,read,/data-sets/snap/db=godaddy,table=gdshop_mktg_publication_emailoptin
open,read,/data-sets/snap/db=godaddy,table=gdshop_mktg_publicationtype
open,read,/data-sets/snap/db=godaddy,table=gdshop_mktgmobilecarrier
open,read,/data-sets/snap/db=godaddy,table=gdshop_mktgmobilecontactinfo
open,read,/data-sets/snap/db=godaddy,table=gdshop_mktgmobileoptin
open,read,/data-sets/snap/db=godaddy,table=gdshop_msmq_status
open,read,/data-sets/snap/db=godaddy,table=gdshop_orderpaymenttype
open,read,/data-sets/snap/db=godaddy,table=gdshop_orionattribute
open,read,/data-sets/snap/db=godaddy,table=gdshop_orionattributegroup
open,read,/data-sets/snap/db=godaddy,table=gdshop_orionattributeproduct
open,read,/data-sets/snap/db=godaddy,table=gdshop_park_billing
open,read,/data-sets/snap/db=godaddy,table=gdshop_paypal_notification
open,read,/data-sets/snap/db=godaddy,table=gdshop_pixelconfig
open,read,/data-sets/snap/db=godaddy,table=gdshop_prepaid_service_history
open,read,/data-sets/snap/db=godaddy,table=gdshop_prepaid_service_summary
open,read,/data-sets/snap/db=godaddy,table=gdshop_prepaid_service_type
open,read,/data-sets/snap/db=godaddy,table=gdshop_privatelabel_billing
open,read,/data-sets/snap/db=godaddy,table=gdshop_product
open,read,/data-sets/snap/db=godaddy,table=gdshop_product_attributes_domain
open,read,/data-sets/snap/db=godaddy,table=gdshop_product_attributes_hosting
open,read,/data-sets/snap/db=godaddy,table=gdshop_product_attributes_reseller
open,read,/data-sets/snap/db=godaddy,table=gdshop_product_bulk_domain_map
open,read,/data-sets/snap/db=godaddy,table=gdshop_product_domain_map
open,read,/data-sets/snap/db=godaddy,table=gdshop_product_domainattributes
open,read,/data-sets/snap/db=godaddy,table=gdshop_product_mtm_bundle
open,read,/data-sets/snap/db=godaddy,table=gdshop_product_mtm_gdshop_free_product_package
open,read,/data-sets/snap/db=godaddy,table=gdshop_product_mtm_gdshop_taxtype
open,read,/data-sets/snap/db=godaddy,table=gdshop_product_mtm_termsofservice
open,read,/data-sets/snap/db=godaddy,table=gdshop_product_period_description_map
open,read,/data-sets/snap/db=godaddy,table=gdshop_product_quantity_description_map
open,read,/data-sets/snap/db=godaddy,table=gdshop_product_resellertype
open,read,/data-sets/snap/db=godaddy,table=gdshop_product_resellertype_mtm_manager_users
open,read,/data-sets/snap/db=godaddy,table=gdshop_product_type
open,read,/data-sets/snap/db=godaddy,table=gdshop_product_type_group
open,read,/data-sets/snap/db=godaddy,table=gdshop_promo
open,read,/data-sets/snap/db=godaddy,table=gdshop_promo_price_order
open,read,/data-sets/snap/db=godaddy,table=gdshop_promo_price_order_mtm_privatelabel
open,read,/data-sets/snap/db=godaddy,table=gdshop_promocoupon
open,read,/data-sets/snap/db=godaddy,table=gdshop_promorestrictedoffer
open,read,/data-sets/snap/db=godaddy,table=gdshop_promorestrictedofferconfig
open,read,/data-sets/snap/db=godaddy,table=gdshop_promorestrictedoffermap
open,read,/data-sets/snap/db=godaddy,table=gdshop_proxy_billing
open,read,/data-sets/snap/db=godaddy,table=gdshop_proxy_billing_mtm_shopper
open,read,/data-sets/snap/db=godaddy,table=gdshop_radioarchive
open,read,/data-sets/snap/db=godaddy,table=gdshop_receipt_cartremoval
open,read,/data-sets/snap/db=godaddy,table=gdshop_receipt_commission_detail
open,read,/data-sets/snap/db=godaddy,table=gdshop_receipt_discountanalysis
open,read,/data-sets/snap/db=godaddy,table=gdshop_receipt_header
open,read,/data-sets/snap/db=godaddy,table=gdshop_receipt_header_code
open,read,/data-sets/snap/db=godaddy,table=gdshop_receipt_header_marketplacecurrencytransaction
open,read,/data-sets/snap/db=godaddy,table=gdshop_receipt_header_payment
open,read,/data-sets/snap/db=godaddy,table=gdshop_receipt_header_paymentcurrencytransaction
open,read,/data-sets/snap/db=godaddy,table=gdshop_receipt_headercurrencyoperating
open,read,/data-sets/snap/db=godaddy,table=gdshop_receipt_headercurrencytransaction
open,read,/data-sets/snap/db=godaddy,table=gdshop_receipt_item
open,read,/data-sets/snap/db=godaddy,table=gdshop_receipt_item_commission
open,read,/data-sets/snap/db=godaddy,table=gdshop_receipt_item_commissionmarketplace
open,read,/data-sets/snap/db=godaddy,table=gdshop_receipt_item_detail
open,read,/data-sets/snap/db=godaddy,table=gdshop_receipt_item_discountanalysis
open,read,/data-sets/snap/db=godaddy,table=gdshop_receipt_item_fastball
open,read,/data-sets/snap/db=godaddy,table=gdshop_receipt_item_freetrialdetail
open,read,/data-sets/snap/db=godaddy,table=gdshop_receipt_item_pendingchargeback
open,read,/data-sets/snap/db=godaddy,table=gdshop_receipt_item_prs_package
open,read,/data-sets/snap/db=godaddy,table=gdshop_receipt_item_tax
open,read,/data-sets/snap/db=godaddy,table=gdshop_receipt_item_taxcurrencyoperating
open,read,/data-sets/snap/db=godaddy,table=gdshop_receipt_item_taxcurrencytransaction
open,read,/data-sets/snap/db=godaddy,table=gdshop_receipt_itemcurrencyoperating
open,read,/data-sets/snap/db=godaddy,table=gdshop_receipt_itemcurrencytransaction
open,read,/data-sets/snap/db=godaddy,table=gdshop_receipt_itemdelegateshopper
open,read,/data-sets/snap/db=godaddy,table=gdshop_receipt_itemgrouprelationship
open,read,/data-sets/snap/db=godaddy,table=gdshop_receipt_itemnesdetail
open,read,/data-sets/snap/db=godaddy,table=gdshop_receipt_payment
open,read,/data-sets/snap/db=godaddy,table=gdshop_receipt_promo_tracking
open,read,/data-sets/snap/db=godaddy,table=gdshop_receipt_upsell
open,read,/data-sets/snap/db=godaddy,table=gdshop_receipt_virtualorder
open,read,/data-sets/snap/db=godaddy,table=gdshop_redirect
open,read,/data-sets/snap/db=godaddy,table=gdshop_redirect_billing
open,read,/data-sets/snap/db=godaddy,table=gdshop_redirect_billing_id
open,read,/data-sets/snap/db=godaddy,table=gdshop_redirect_billing_mtm_shopper
open,read,/data-sets/snap/db=godaddy,table=gdshop_registrypartner
open,read,/data-sets/snap/db=godaddy,table=gdshop_registrypartnerpricetier
open,read,/data-sets/snap/db=godaddy,table=gdshop_reseller_shopper
open,read,/data-sets/snap/db=godaddy,table=gdshop_restrictedcountrycode
open,read,/data-sets/snap/db=godaddy,table=gdshop_select_country
open,read,/data-sets/snap/db=godaddy,table=gdshop_servername
open,read,/data-sets/snap/db=godaddy,table=gdshop_settings
open,read,/data-sets/snap/db=godaddy,table=gdshop_shopper
open,read,/data-sets/snap/db=godaddy,table=gdshop_shopper_alert
open,read,/data-sets/snap/db=godaddy,table=gdshop_shopper_alert_type
open,read,/data-sets/snap/db=godaddy,table=gdshop_shopper_backup_ppprofileid
open,read,/data-sets/snap/db=godaddy,table=gdshop_shopper_bad_postal
open,read,/data-sets/snap/db=godaddy,table=gdshop_shopper_expiring_service
open,read,/data-sets/snap/db=godaddy,table=gdshop_shopper_mtm_gdshop_shoppercommunicationtype
open,read,/data-sets/snap/db=godaddy,table=gdshop_shopper_receipt_survey
open,read,/data-sets/snap/db=godaddy,table=gdshop_shopper_survey_group
open,read,/data-sets/snap/db=godaddy,table=gdshop_shopper_survey_type
open,read,/data-sets/snap/db=godaddy,table=gdshop_shopper_survey_type_mtm_countrycode
open,read,/data-sets/snap/db=godaddy,table=gdshop_shopper_survey_type_mtm_group
open,read,/data-sets/snap/db=godaddy,table=gdshop_shopperatlantisoptin
open,read,/data-sets/snap/db=godaddy,table=gdshop_shoppercostcomembership
open,read,/data-sets/snap/db=godaddy,table=gdshop_shoppercostcomembershipstatus
open,read,/data-sets/snap/db=godaddy,table=gdshop_shoppercostcomembershiptype
open,read,/data-sets/snap/db=godaddy,table=gdshop_shoppercostcomembershiptypebundlemapping
open,read,/data-sets/snap/db=godaddy,table=gdshop_shopperdatavalidation
open,read,/data-sets/snap/db=godaddy,table=gdshop_shopperinstantpurchaseprofile
open,read,/data-sets/snap/db=godaddy,table=gdshop_shopperpreference
open,read,/data-sets/snap/db=godaddy,table=gdshop_shopperproductquantitymap
open,read,/data-sets/snap/db=godaddy,table=gdshop_shopperproductquantitymap_drop
open,read,/data-sets/snap/db=godaddy,table=gdshop_shopperprofilelitlehistory
open,read,/data-sets/snap/db=godaddy,table=gdshop_shopperreceiptsurveyresponse
open,read,/data-sets/snap/db=godaddy,table=gdshop_shopperspokespersonsurveyresponse
open,read,/data-sets/snap/db=godaddy,table=gdshop_source_code
open,read,/data-sets/snap/db=godaddy,table=gdshop_source_code_cost_type
open,read,/data-sets/snap/db=godaddy,table=gdshop_spokesperson
open,read,/data-sets/snap/db=godaddy,table=gdshop_stackofferprivatelabel
open,read,/data-sets/snap/db=godaddy,table=gdshop_stackofferprivatelabeloptin
open,read,/data-sets/snap/db=godaddy,table=gdshop_stackofferprivatelabelprice
open,read,/data-sets/snap/db=godaddy,table=gdshop_stackofferresellertype
open,read,/data-sets/snap/db=godaddy,table=gdshop_stackofferresellertypeprice
open,read,/data-sets/snap/db=godaddy,table=gdshop_supportmarket
open,read,/data-sets/snap/db=godaddy,table=gdshop_supportmarket_mtm_supporttype
open,read,/data-sets/snap/db=godaddy,table=gdshop_supporttype
open,read,/data-sets/snap/db=godaddy,table=gdshop_taxcodecanadasales
open,read,/data-sets/snap/db=godaddy,table=gdshop_taxcodeeuvat
open,read,/data-sets/snap/db=godaddy,table=gdshop_taxcodeeuvatexclusion
open,read,/data-sets/snap/db=godaddy,table=gdshop_taxcodeussales
open,read,/data-sets/snap/db=godaddy,table=gdshop_taxtype
open,read,/data-sets/snap/db=godaddy,table=gdshop_termsofservice
open,read,/data-sets/snap/db=godaddy,table=gdshop_tldphase
open,read,/data-sets/snap/db=godaddy,table=gdshop_tldphasedate
open,read,/data-sets/snap/db=godaddy,table=gdshop_validationcolumnlookup
open,read,/data-sets/snap/db=godaddy,table=gdshop_validationlookup
open,read,/data-sets/snap/db=godaddy,table=gdshop_variant_price_type
open,read,/data-sets/snap/db=godaddy,table=hosted_product_attributes
open,read,/data-sets/snap/db=godaddy,table=isc_campaign
open,read,/data-sets/snap/db=godaddy,table=isc_category
open,read,/data-sets/snap/db=godaddy,table=isc_channel
open,read,/data-sets/snap/db=godaddy,table=isc_company
open,read,/data-sets/snap/db=godaddy,table=isc_media_specialist
open,read,/data-sets/snap/db=godaddy,table=isc_product
open,read,/data-sets/snap/db=godaddy,table=isc_sourcecode
open,read,/data-sets/snap/db=godaddy,table=isc_sub_channel
open,read,/data-sets/snap/db=godaddy,table=isc_vendor
open,read,/data-sets/snap/db=godaddy,table=link_product_producttypes
open,read,/data-sets/snap/db=godaddy,table=lu_country
open,read,/data-sets/snap/db=godaddy,table=lu_state
open,read,/data-sets/snap/db=godaddy,table=lu_state_mtm_country
open,read,/data-sets/snap/db=godaddy,table=lu_tld
open,read,/data-sets/snap/db=godaddy,table=lu_tldexpirationnotification
open,read,/data-sets/snap/db=godaddy,table=lu_tldresellertype
open,read,/data-sets/snap/db=godaddy,table=manager_shoppersource
open,read,/data-sets/snap/db=godaddy,table=manager_shoppersourcelookup
open,read,/data-sets/snap/db=godaddy,table=manager_team
open,read,/data-sets/snap/db=godaddy,table=manager_user_mtm_servicetype
open,read,/data-sets/snap/db=godaddy,table=manager_user_mtm_team
open,read,/data-sets/snap/db=godaddy,table=merge_progress
open,read,/data-sets/snap/db=godaddy,table=merge_resourcebackup
open,read,/data-sets/snap/db=godaddy,table=mya_billingsyncgroup
open,read,/data-sets/snap/db=godaddy,table=outreach_queue
open,read,/data-sets/snap/db=godaddy,table=outreach_schedule
open,read,/data-sets/snap/db=godaddy,table=parkdomainclientid
open,read,/data-sets/snap/db=godaddy,table=parkdomaintrpsubcategorytype
open,read,/data-sets/snap/db=godaddy,table=parktemplate
open,read,/data-sets/snap/db=godaddy,table=parktemplatebase
open,read,/data-sets/snap/db=godaddy,table=parktheme
open,read,/data-sets/snap/db=godaddy,table=parkthemetemplatesetting
open,read,/data-sets/snap/db=godaddy,table=parkthemetrpsubcategorytype
open,read,/data-sets/snap/db=godaddy,table=pl_commissiontypelookup
open,read,/data-sets/snap/db=godaddy,table=pl_customdomainerrornotifications
open,read,/data-sets/snap/db=godaddy,table=pl_customdomainsetupstate
open,read,/data-sets/snap/db=godaddy,table=pl_customdomainsite
open,read,/data-sets/snap/db=godaddy,table=pl_customdomainsiteaudit
open,read,/data-sets/snap/db=godaddy,table=pl_data
open,read,/data-sets/snap/db=godaddy,table=pl_datacategory
open,read,/data-sets/snap/db=godaddy,table=pl_datagroup
open,read,/data-sets/snap/db=godaddy,table=pl_datagroup_mtm_pl_datacategory
open,read,/data-sets/snap/db=godaddy,table=pl_dataresellertype
open,read,/data-sets/snap/db=godaddy,table=pl_domainfirstyearpromoprice
open,read,/data-sets/snap/db=godaddy,table=pl_domainfirstyearpromopricedefault
open,read,/data-sets/snap/db=godaddy,table=pl_entity
open,read,/data-sets/snap/db=godaddy,table=pl_entity_id
open,read,/data-sets/snap/db=godaddy,table=pl_entity_mtm_ote_pl_entity
open,read,/data-sets/snap/db=godaddy,table=pl_exception
open,read,/data-sets/snap/db=godaddy,table=pl_incentiveprivatelabel
open,read,/data-sets/snap/db=godaddy,table=pl_instantresellermovehistory
open,read,/data-sets/snap/db=godaddy,table=pl_instantresellermovestatus
open,read,/data-sets/snap/db=godaddy,table=pl_marketingoptinprivatelabel
open,read,/data-sets/snap/db=godaddy,table=pl_productgroup
open,read,/data-sets/snap/db=godaddy,table=pl_productgroupresellertype
open,read,/data-sets/snap/db=godaddy,table=pl_productgroupresellertype_mtm_product
open,read,/data-sets/snap/db=godaddy,table=pl_productgroupresellertypedependency
open,read,/data-sets/snap/db=godaddy,table=pl_productoffering
open,read,/data-sets/snap/db=godaddy,table=pl_promogroupresellertype
open,read,/data-sets/snap/db=godaddy,table=pl_promooffering
open,read,/data-sets/snap/db=godaddy,table=pl_promotion
open,read,/data-sets/snap/db=godaddy,table=pl_resellertype
open,read,/data-sets/snap/db=godaddy,table=pl_resellerupgradepath
open,read,/data-sets/snap/db=godaddy,table=pl_roundupsubscriberlist
open,read,/data-sets/snap/db=godaddy,table=pl_salepromo
open,read,/data-sets/snap/db=godaddy,table=pl_salepromoprivatelabel
open,read,/data-sets/snap/db=godaddy,table=pl_salepromoresellertype
open,read,/data-sets/snap/db=godaddy,table=pl_salepromoresellertype_mtm_product
open,read,/data-sets/snap/db=godaddy,table=pl_salepromoresellertypeproductprice
open,read,/data-sets/snap/db=godaddy,table=pl_salepromotracking
open,read,/data-sets/snap/db=godaddy,table=pl_signupinfo
open,read,/data-sets/snap/db=godaddy,table=pl_signupinfostatus
open,read,/data-sets/snap/db=godaddy,table=pl_survey
open,read,/data-sets/snap/db=godaddy,table=pl_surveyanswer
open,read,/data-sets/snap/db=godaddy,table=pl_surveykeytype
open,read,/data-sets/snap/db=godaddy,table=pl_surveyresponse
open,read,/data-sets/snap/db=godaddy,table=pl_tldgroup
open,read,/data-sets/snap/db=godaddy,table=pl_tldgroupresellertype
open,read,/data-sets/snap/db=godaddy,table=pl_tldgroupresellertype_mtm_product
open,read,/data-sets/snap/db=godaddy,table=pl_tldoffering
open,read,/data-sets/snap/db=godaddy,table=radiogodaddy_subscriberlist
open,read,/data-sets/snap/db=godaddy,table=rcc_mrcampaign
open,read,/data-sets/snap/db=godaddy,table=rcc_mrsourcecode
open,read,/data-sets/snap/db=godaddy,table=rcc_mrsourcecoderesellertype
open,read,/data-sets/snap/db=godaddy,table=receipt_item_pathway
open,read,/data-sets/snap/db=godaddy,table=report_category
open,read,/data-sets/snap/db=godaddy,table=report_categorygroup
open,read,/data-sets/snap/db=godaddy,table=rex_bankaccountorganizationtype
open,read,/data-sets/snap/db=godaddy,table=rex_bankaccounttype
open,read,/data-sets/snap/db=godaddy,table=rp_bannertrafficcustomersummary
open,read,/data-sets/snap/db=godaddy,table=rp_bannertraffichitssummarypl
open,read,/data-sets/snap/db=godaddy,table=rp_commentary
open,read,/data-sets/snap/db=godaddy,table=rp_commentary_area
open,read,/data-sets/snap/db=godaddy,table=rp_commentary_product
open,read,/data-sets/snap/db=godaddy,table=rp_commentary_product_mtm
open,read,/data-sets/snap/db=godaddy,table=rp_failedbilling_shoppers_assigned
open,read,/data-sets/snap/db=godaddy,table=rp_newcustomersummary
open,read,/data-sets/snap/db=godaddy,table=rp_productgroup
open,read,/data-sets/snap/db=godaddy,table=rp_productgroupgrouping
open,read,/data-sets/snap/db=godaddy,table=rp_productgrouppfid
open,read,/data-sets/snap/db=godaddy,table=rp_purchasehistory
open,read,/data-sets/snap/db=godaddy,table=rp_retention_domain_owners_list
open,read,/data-sets/snap/db=godaddy,table=rp_salesmonitor_internalshopper
open,read,/data-sets/snap/db=godaddy,table=rp_salesmonitor_traffic
open,read,/data-sets/snap/db=godaddy,table=sbs_certificaterequest
open,read,/data-sets/snap/db=godaddy,table=shopperaccountdefinition
open,read,/data-sets/snap/db=godaddy,table=shopperaccounttypelookup
open,read,/data-sets/snap/db=godaddy,table=sso_identityprovider
open,read,/data-sets/snap/db=godaddy,table=sso_serviceprovider
open,read,/data-sets/snap/db=godaddy,table=sso_serviceprovidergroup
open,read,/data-sets/snap/db=godaddy,table=wsc_account_status
open,read,/data-sets/snap/db=godaddy,table=wsc_log
open,read,/data-sets/snap/db=godaddyaccounting,table=resellercommission_mart
open,read,/data-sets/snap/db=godaddybilling,table=gdshop_bandwidth_billing
open,read,/data-sets/snap/db=godaddybilling,table=gdshop_bandwidth_prepaid
open,read,/data-sets/snap/db=godaddybilling,table=gdshop_billing_attempt_lkup
open,read,/data-sets/snap/db=godaddybilling,table=gdshop_billing_group_lkup
open,read,/data-sets/snap/db=godaddybilling,table=gdshop_billing_offset
open,read,/data-sets/snap/db=godaddybilling,table=gdshop_billing_otm_externalresource_adspace
open,read,/data-sets/snap/db=godaddybilling,table=gdshop_billing_otm_externalresource_brandcatch
open,read,/data-sets/snap/db=godaddybilling,table=gdshop_billing_otm_externalresource_brokerage
open,read,/data-sets/snap/db=godaddybilling,table=gdshop_billing_otm_externalresource_calendar
open,read,/data-sets/snap/db=godaddybilling,table=gdshop_billing_otm_externalresource_cashpark
open,read,/data-sets/snap/db=godaddybilling,table=gdshop_billing_otm_externalresource_cdn
open,read,/data-sets/snap/db=godaddybilling,table=gdshop_billing_otm_externalresource_coldfusion
open,read,/data-sets/snap/db=godaddybilling,table=gdshop_billing_otm_externalresource_custmgr
open,read,/data-sets/snap/db=godaddybilling,table=gdshop_billing_otm_externalresource_datacenter
open,read,/data-sets/snap/db=godaddybilling,table=gdshop_billing_otm_externalresource_dedhost
open,read,/data-sets/snap/db=godaddybilling,table=gdshop_billing_otm_externalresource_dedicatedip
open,read,/data-sets/snap/db=godaddybilling,table=gdshop_billing_otm_externalresource_deluxestat
open,read,/data-sets/snap/db=godaddybilling,table=gdshop_billing_otm_externalresource_domainasset
open,read,/data-sets/snap/db=godaddybilling,table=gdshop_billing_otm_externalresource_domainrep
open,read,/data-sets/snap/db=godaddybilling,table=gdshop_billing_otm_externalresource_easydb
open,read,/data-sets/snap/db=godaddybilling,table=gdshop_billing_otm_externalresource_email
open,read,/data-sets/snap/db=godaddybilling,table=gdshop_billing_otm_externalresource_emailfwd
open,read,/data-sets/snap/db=godaddybilling,table=gdshop_billing_otm_externalresource_faxemail
open,read,/data-sets/snap/db=godaddybilling,table=gdshop_billing_otm_externalresource_hosting
open,read,/data-sets/snap/db=godaddybilling,table=gdshop_billing_otm_externalresource_hostingqsc
open,read,/data-sets/snap/db=godaddybilling,table=gdshop_billing_otm_externalresource_hostingwst
open,read,/data-sets/snap/db=godaddybilling,table=gdshop_billing_otm_externalresource_logodesign
open,read,/data-sets/snap/db=godaddybilling,table=gdshop_billing_otm_externalresource_metro
open,read,/data-sets/snap/db=godaddybilling,table=gdshop_billing_otm_externalresource_metroosd
open,read,/data-sets/snap/db=godaddybilling,table=gdshop_billing_otm_externalresource_onlinestorage
open,read,/data-sets/snap/db=godaddybilling,table=gdshop_billing_otm_externalresource_outlook
open,read,/data-sets/snap/db=godaddybilling,table=gdshop_billing_otm_externalresource_phoenix
open,read,/data-sets/snap/db=godaddybilling,table=gdshop_billing_otm_externalresource_photoalbum
open,read,/data-sets/snap/db=godaddybilling,table=gdshop_billing_otm_externalresource_podcast
open,read,/data-sets/snap/db=godaddybilling,table=gdshop_billing_otm_externalresource_premiumlisting
open,read,/data-sets/snap/db=godaddybilling,table=gdshop_billing_otm_externalresource_protection
open,read,/data-sets/snap/db=godaddybilling,table=gdshop_billing_otm_externalresource_proxima
open,read,/data-sets/snap/db=godaddybilling,table=gdshop_billing_otm_externalresource_safesite
open,read,/data-sets/snap/db=godaddybilling,table=gdshop_billing_otm_externalresource_smartdomain
open,read,/data-sets/snap/db=godaddybilling,table=gdshop_billing_otm_externalresource_smtprelay
open,read,/data-sets/snap/db=godaddybilling,table=gdshop_billing_otm_externalresource_socialstream
open,read,/data-sets/snap/db=godaddybilling,table=gdshop_billing_otm_externalresource_survey
open,read,/data-sets/snap/db=godaddybilling,table=gdshop_billing_otm_externalresource_totaldns
open,read,/data-sets/snap/db=godaddybilling,table=gdshop_billing_otm_externalresource_videome
open,read,/data-sets/snap/db=godaddybilling,table=gdshop_billing_otm_externalresource_virtualhosting
open,read,/data-sets/snap/db=godaddybilling,table=gdshop_billing_otm_externalresource_weblog
open,read,/data-sets/snap/db=godaddybilling,table=gdshop_billing_status_lkup
open,read,/data-sets/snap/db=godaddybilling,table=gdshop_billingaccount
open,read,/data-sets/snap/db=godaddybilling,table=gdshop_billingaccountaddon
open,read,/data-sets/snap/db=godaddybilling,table=gdshop_billingaccountexternalresource
open,read,/data-sets/snap/db=godaddybilling,table=gdshop_billingaccountprepaid
open,read,/data-sets/snap/db=godaddybilling,table=gdshop_billingaccountshopper
open,read,/data-sets/snap/db=godaddybilling,table=gdshop_billingaccountusage
open,read,/data-sets/snap/db=godaddybilling,table=gdshop_billingadspace
open,read,/data-sets/snap/db=godaddybilling,table=gdshop_billingadspaceaddon
open,read,/data-sets/snap/db=godaddybilling,table=gdshop_billingadspaceusage
open,read,/data-sets/snap/db=godaddybilling,table=gdshop_billingapparel
open,read,/data-sets/snap/db=godaddybilling,table=gdshop_billingbrandcatch
open,read,/data-sets/snap/db=godaddybilling,table=gdshop_billingbrokerage
open,read,/data-sets/snap/db=godaddybilling,table=gdshop_billingcalendar
open,read,/data-sets/snap/db=godaddybilling,table=gdshop_billingcashpark
open,read,/data-sets/snap/db=godaddybilling,table=gdshop_billingcashparkaddon
open,read,/data-sets/snap/db=godaddybilling,table=gdshop_billingcashparkhybrid
open,read,/data-sets/snap/db=godaddybilling,table=gdshop_billingcdn
open,read,/data-sets/snap/db=godaddybilling,table=gdshop_billingcoldfusion
open,read,/data-sets/snap/db=godaddybilling,table=gdshop_billingcustmgr
open,read,/data-sets/snap/db=godaddybilling,table=gdshop_billingdatacenter
open,read,/data-sets/snap/db=godaddybilling,table=gdshop_billingdatacenteraddon
open,read,/data-sets/snap/db=godaddybilling,table=gdshop_billingdatacenterrenewalrequest
open,read,/data-sets/snap/db=godaddybilling,table=gdshop_billingdatacenterusage
open,read,/data-sets/snap/db=godaddybilling,table=gdshop_billingdatacenterusageaddon
open,read,/data-sets/snap/db=godaddybilling,table=gdshop_billingdedhost
open,read,/data-sets/snap/db=godaddybilling,table=gdshop_billingdedhostaddon
open,read,/data-sets/snap/db=godaddybilling,table=gdshop_billingdedicatedip
open,read,/data-sets/snap/db=godaddybilling,table=gdshop_billingdeluxestat
open,read,/data-sets/snap/db=godaddybilling,table=gdshop_billingdomain
open,read,/data-sets/snap/db=godaddybilling,table=gdshop_billingdomain_mtm_shopper
open,read,/data-sets/snap/db=godaddybilling,table=gdshop_billingdomainasset
open,read,/data-sets/snap/db=godaddybilling,table=gdshop_billingdomainassetaddon
open,read,/data-sets/snap/db=godaddybilling,table=gdshop_billingdomainextendedautorenew
open,read,/data-sets/snap/db=godaddybilling,table=gdshop_billingdomainrep
open,read,/data-sets/snap/db=godaddybilling,table=gdshop_billingdomaintrustee
open,read,/data-sets/snap/db=godaddybilling,table=gdshop_billingeasydb
open,read,/data-sets/snap/db=godaddybilling,table=gdshop_billingeasyprintsapproval
open,read,/data-sets/snap/db=godaddybilling,table=gdshop_billingemail
open,read,/data-sets/snap/db=godaddybilling,table=gdshop_billingemailaddon
open,read,/data-sets/snap/db=godaddybilling,table=gdshop_billingemailfwd
open,read,/data-sets/snap/db=godaddybilling,table=gdshop_billingfabulousdomains
open,read,/data-sets/snap/db=godaddybilling,table=gdshop_billingfaxemail
open,read,/data-sets/snap/db=godaddybilling,table=gdshop_billinggiftcard
open,read,/data-sets/snap/db=godaddybilling,table=gdshop_billinghosting
open,read,/data-sets/snap/db=godaddybilling,table=gdshop_billinghostingaddon
open,read,/data-sets/snap/db=godaddybilling,table=gdshop_billinghostingplanchange
open,read,/data-sets/snap/db=godaddybilling,table=gdshop_billinghostingqsc
open,read,/data-sets/snap/db=godaddybilling,table=gdshop_billinghostingqscaddon
open,read,/data-sets/snap/db=godaddybilling,table=gdshop_billinghostingwst
open,read,/data-sets/snap/db=godaddybilling,table=gdshop_billinghostingwstaddon
open,read,/data-sets/snap/db=godaddybilling,table=gdshop_billingincorporation
open,read,/data-sets/snap/db=godaddybilling,table=gdshop_billingkitchensink
open,read,/data-sets/snap/db=godaddybilling,table=gdshop_billinglogodesign
open,read,/data-sets/snap/db=godaddybilling,table=gdshop_billingmetro
open,read,/data-sets/snap/db=godaddybilling,table=gdshop_billingmetroaddon
open,read,/data-sets/snap/db=godaddybilling,table=gdshop_billingmetroosd
open,read,/data-sets/snap/db=godaddybilling,table=gdshop_billingmetroosdaddon
open,read,/data-sets/snap/db=godaddybilling,table=gdshop_billingmktplcshop
open,read,/data-sets/snap/db=godaddybilling,table=gdshop_billingmktplcshop_mtm_shopper
open,read,/data-sets/snap/db=godaddybilling,table=gdshop_billingmktplcshopstatus
open,read,/data-sets/snap/db=godaddybilling,table=gdshop_billingmktplcshoptax
open,read,/data-sets/snap/db=godaddybilling,table=gdshop_billingonlinestorage
open,read,/data-sets/snap/db=godaddybilling,table=gdshop_billingonlinestorageaddon
open,read,/data-sets/snap/db=godaddybilling,table=gdshop_billingoutlook
open,read,/data-sets/snap/db=godaddybilling,table=gdshop_billingoutlookaddon
open,read,/data-sets/snap/db=godaddybilling,table=gdshop_billingoutreach
open,read,/data-sets/snap/db=godaddybilling,table=gdshop_billingoutreachemail
open,read,/data-sets/snap/db=godaddybilling,table=gdshop_billingphoenix
open,read,/data-sets/snap/db=godaddybilling,table=gdshop_billingphotoalbum
open,read,/data-sets/snap/db=godaddybilling,table=gdshop_billingpodcast
open,read,/data-sets/snap/db=godaddybilling,table=gdshop_billingpremiumlisting
open,read,/data-sets/snap/db=godaddybilling,table=gdshop_billingprotection
open,read,/data-sets/snap/db=godaddybilling,table=gdshop_billingproxima
open,read,/data-sets/snap/db=godaddybilling,table=gdshop_billingpvtnetwork
open,read,/data-sets/snap/db=godaddybilling,table=gdshop_billingradioshow
open,read,/data-sets/snap/db=godaddybilling,table=gdshop_billingresourcehistory
open,read,/data-sets/snap/db=godaddybilling,table=gdshop_billingsafesite
open,read,/data-sets/snap/db=godaddybilling,table=gdshop_billingsavingsnetworknonrecurring
open,read,/data-sets/snap/db=godaddybilling,table=gdshop_billingsmartdomain
open,read,/data-sets/snap/db=godaddybilling,table=gdshop_billingsmtprelay
open,read,/data-sets/snap/db=godaddybilling,table=gdshop_billingsocialstream
open,read,/data-sets/snap/db=godaddybilling,table=gdshop_billingsocialstream_mtm_shopper
open,read,/data-sets/snap/db=godaddybilling,table=gdshop_billingsocialstreamaddon
open,read,/data-sets/snap/db=godaddybilling,table=gdshop_billingsurvey
open,read,/data-sets/snap/db=godaddybilling,table=gdshop_billingtemplatedesign
open,read,/data-sets/snap/db=godaddybilling,table=gdshop_billingthirdpartynonrecurring
open,read,/data-sets/snap/db=godaddybilling,table=gdshop_billingtotaldns
open,read,/data-sets/snap/db=godaddybilling,table=gdshop_billinguniversity
open,read,/data-sets/snap/db=godaddybilling,table=gdshop_billingvideome
open,read,/data-sets/snap/db=godaddybilling,table=gdshop_billingvirtualhosting
open,read,/data-sets/snap/db=godaddybilling,table=gdshop_billingvirtualhostingaddon
open,read,/data-sets/snap/db=godaddybilling,table=gdshop_billingweblog
open,read,/data-sets/snap/db=godaddybilling,table=gdshop_billingwsdevmin
open,read,/data-sets/snap/db=godaddybilling,table=gdshop_billingwsmaint
open,read,/data-sets/snap/db=godaddybilling,table=gdshop_domainappraisal
open,read,/data-sets/snap/db=godaddybilling,table=gdshop_domainmonitor_billing
open,read,/data-sets/snap/db=godaddybilling,table=gdshop_domainmonitor_resource
open,read,/data-sets/snap/db=godaddybilling,table=gdshop_expiringnamelist_billing
open,read,/data-sets/snap/db=godaddybilling,table=gdshop_phoenixpublicauction
open,read,/data-sets/snap/db=godaddybilling,table=gdshop_privatebackorder_billing
open,read,/data-sets/snap/db=godaddybilling,table=gdshop_radioshowshipping
open,read,/data-sets/snap/db=godaddybilling,table=gdshop_resource_mtm_order
open,read,/data-sets/snap/db=godaddybilling,table=gdshop_resource_mtm_order_detail
open,read,/data-sets/snap/db=godaddybilling,table=gdshop_resource_mtm_order_exception
open,read,/data-sets/snap/db=godaddybilling,table=nes_subscription
open,read,/data-sets/snap/db=godaddybilling,table=nes_subscriptionbillingattempt
open,read,/data-sets/snap/db=godaddybilling,table=nes_subscriptionbillinglocation
open,read,/data-sets/snap/db=godaddybilling,table=nes_subscriptionclassicbilling
open,read,/data-sets/snap/db=godaddybilling,table=nes_subscriptionclassicbillingaddon
open,read,/data-sets/snap/db=godaddybilling,table=nes_subscriptionclassicbillingbundleitems
open,read,/data-sets/snap/db=godaddybilling,table=nes_subscriptionentitlements
open,read,/data-sets/snap/db=godaddybilling,table=nes_subscriptionproducts
open,read,/data-sets/snap/db=godaddybilling,table=renewal_notificationcontroldetail
open,read,/data-sets/snap/db=godaddybilling,table=renewal_notificationcontroldetailresellertype
open,read,/data-sets/snap/db=godaddybilling,table=renewal_regflyshopper
open,read,/data-sets/snap/db=godaddybillingarchive,table=gdshop_billing_otm_externalresource_calendar
open,read,/data-sets/snap/db=godaddybillingarchive,table=gdshop_billing_otm_externalresource_cashpark
open,read,/data-sets/snap/db=godaddybillingarchive,table=gdshop_billing_otm_externalresource_dedhost
open,read,/data-sets/snap/db=godaddybillingarchive,table=gdshop_billing_otm_externalresource_emailfwd
open,read,/data-sets/snap/db=godaddybillingarchive,table=gdshop_billing_otm_externalresource_hosting
open,read,/data-sets/snap/db=godaddybillingarchive,table=gdshop_billing_otm_externalresource_hostingqsc
open,read,/data-sets/snap/db=godaddybillingarchive,table=gdshop_billing_otm_externalresource_hostingwst
open,read,/data-sets/snap/db=godaddybillingarchive,table=gdshop_billing_otm_externalresource_onlinestorage
open,read,/data-sets/snap/db=godaddybillingarchive,table=gdshop_billing_otm_externalresource_outlook
open,read,/data-sets/snap/db=godaddybillingarchive,table=gdshop_billing_otm_externalresource_photoalbum
open,read,/data-sets/snap/db=godaddybillingarchive,table=gdshop_billing_otm_externalresource_totaldns
open,read,/data-sets/snap/db=godaddybillingarchive,table=gdshop_billing_otm_externalresource_virtualhosting
open,read,/data-sets/snap/db=godaddybillingarchive,table=gdshop_billingaccountaddon
open,read,/data-sets/snap/db=godaddybillingarchive,table=gdshop_billingaccountexternalresource
open,read,/data-sets/snap/db=godaddybillingarchive,table=gdshop_billingcalendar
open,read,/data-sets/snap/db=godaddybillingarchive,table=gdshop_billingcashpark
open,read,/data-sets/snap/db=godaddybillingarchive,table=gdshop_billingcashparkaddon
open,read,/data-sets/snap/db=godaddybillingarchive,table=gdshop_billingdedhost
open,read,/data-sets/snap/db=godaddybillingarchive,table=gdshop_billingdedhostaddon
open,read,/data-sets/snap/db=godaddybillingarchive,table=gdshop_billingemailfwd
open,read,/data-sets/snap/db=godaddybillingarchive,table=gdshop_billinghosting
open,read,/data-sets/snap/db=godaddybillingarchive,table=gdshop_billinghostingaddon
open,read,/data-sets/snap/db=godaddybillingarchive,table=gdshop_billinghostingqsc
open,read,/data-sets/snap/db=godaddybillingarchive,table=gdshop_billinghostingqscaddon
open,read,/data-sets/snap/db=godaddybillingarchive,table=gdshop_billinghostingwst
open,read,/data-sets/snap/db=godaddybillingarchive,table=gdshop_billinghostingwstaddon
open,read,/data-sets/snap/db=godaddybillingarchive,table=gdshop_billingonlinestorage
open,read,/data-sets/snap/db=godaddybillingarchive,table=gdshop_billingonlinestorageaddon
open,read,/data-sets/snap/db=godaddybillingarchive,table=gdshop_billingoutlookaddon
open,read,/data-sets/snap/db=godaddybillingarchive,table=gdshop_billingphotoalbum
open,read,/data-sets/snap/db=godaddybillingarchive,table=gdshop_billingtotaldns
open,read,/data-sets/snap/db=godaddybillingarchive,table=gdshop_billingvirtualhosting
open,read,/data-sets/snap/db=godaddybillingarchive,table=gdshop_billingvirtualhostingaddon
open,read,/data-sets/snap/db=godaddycancellation,table=gdshop_cancellation
open,read,/data-sets/snap/db=godaddycpl,table=commonresponsereason
open,read,/data-sets/snap/db=godaddycpl,table=cpl_bin
open,read,/data-sets/snap/db=godaddycpl,table=gdshop_common_purchase_log
open,read,/data-sets/snap/db=godaddyinstorecredit,table=instore_credithistory
open,read,/data-sets/snap/db=godaddyinstorecredit,table=instore_credithistoryexchangerate
open,read,/data-sets/snap/db=godaddyinstorecredit,table=instore_creditsummary
open,read,/data-sets/snap/db=godaddywebsitetraffic,table=visitbasketabandoned
open,read,/data-sets/snap/db=godaddywebsitetraffic,table=visitbasketabandoneditem
open,read,/data-sets/snap/db=godaddywebsitetraffic,table=visitdomainsearch
open,read,/data-sets/snap/db=godaddywebsitetraffic,table=visitshopperid
open,read,/data-sets/snap/db=godaddywebsitetraffic,table=visittracking
open,read,/data-sets/snap/db=hosting_cpanel,table=account_stats
open,read,/data-sets/snap/db=hosting_cpanel,table=accounts
open,read,/data-sets/snap/db=hosting_cpanel,table=addon_domains
open,read,/data-sets/snap/db=hosting_cpanel,table=application_servers
open,read,/data-sets/snap/db=hosting_cpanel,table=archive_metrics
open,read,/data-sets/snap/db=hosting_cpanel,table=cpanel_metrics
open,read,/data-sets/snap/db=hosting_cpanel,table=customer_databases
open,read,/data-sets/snap/db=hosting_cpanel,table=packages
open,read,/data-sets/snap/db=hosting_cpanel,table=parked_domains
open,read,/data-sets/snap/db=hosting_cpanel,table=rum_opt_in_outs
open,read,/data-sets/snap/db=hosting_cpanel,table=server_locations
open,read,/data-sets/snap/db=hosting_cpanel,table=servers
open,read,/data-sets/snap/db=hosting_cpanel,table=subdomains
open,read,/data-sets/snap/db=hosting_cpanel,table=users
open,read,/data-sets/snap/db=hosting_webpro_api,table=auth_user
open,read,/data-sets/snap/db=hosting_webpro_api,table=clients_client
open,read,/data-sets/snap/db=hosting_webpro_api,table=dashboard_activity
open,read,/data-sets/snap/db=hosting_webpro_api,table=dashboard_agreement
open,read,/data-sets/snap/db=hosting_webpro_api,table=dashboard_optshistory
open,read,/data-sets/snap/db=hosting_webpro_loyalty,table=loyalty_points
open,read,/data-sets/snap/db=hosting_webpro_loyalty,table=loyalty_profiles
open,read,/data-sets/snap/db=hosting_webpro_loyalty,table=receipts
open,read,/data-sets/snap/db=hosting_webpro_loyalty,table=tier_statuses
open,read,/data-sets/snap/db=hosting_webpro_loyalty,table=users
open,read,/data-sets/snap/db=hosting_wpaas,table=accountflags
open,read,/data-sets/snap/db=hosting_wpaas,table=accountflagtypes
open,read,/data-sets/snap/db=hosting_wpaas,table=accounts
open,read,/data-sets/snap/db=hosting_wpaas,table=accounttokens
open,read,/data-sets/snap/db=hosting_wpaas,table=accounttokentypes
open,read,/data-sets/snap/db=hosting_wpaas,table=accounttypes
open,read,/data-sets/snap/db=hosting_wpaas,table=aliasdomains
open,read,/data-sets/snap/db=hosting_wpaas,table=applicationdatabase
open,read,/data-sets/snap/db=hosting_wpaas,table=clusters
open,read,/data-sets/snap/db=hosting_wpaas,table=databaseservers
open,read,/data-sets/snap/db=hosting_wpaas,table=datacenters
open,read,/data-sets/snap/db=hosting_wpaas,table=domainchanges
open,read,/data-sets/snap/db=hosting_wpaas,table=languages
open,read,/data-sets/snap/db=hosting_wpaas,table=migrations
open,read,/data-sets/snap/db=hosting_wpaas,table=pfids
open,read,/data-sets/snap/db=hosting_wpaas,table=planfeatures
open,read,/data-sets/snap/db=hosting_wpaas,table=pluginaccountdatas
open,read,/data-sets/snap/db=hosting_wpaas,table=pods
open,read,/data-sets/snap/db=hosting_wpaas,table=podservers
open,read,/data-sets/snap/db=hosting_wpaas,table=products
open,read,/data-sets/snap/db=hosting_wpaas,table=resellers
open,read,/data-sets/snap/db=hosting_wpaas,table=servercounts
open,read,/data-sets/snap/db=hosting_wpaas,table=servers
open,read,/data-sets/snap/db=hosting_wpaas,table=sslcertificateaccounts
open,read,/data-sets/snap/db=hosting_wpaas,table=sslcertificates
open,read,/data-sets/snap/db=hosting_wpaas,table=statuses
open,read,/data-sets/snap/db=hosting_wpaas,table=userprofiles
open,read,/data-sets/snap/db=industry,table=rptmonetizercompany
open,read,/data-sets/snap/db=industry,table=rptmonetizernameserver
open,read,/data-sets/snap/db=l2chat,table=aps_resolution_tags
open,read,/data-sets/snap/db=l2chat,table=aps_resolutions
open,read,/data-sets/snap/db=l2chat,table=jomax_users
open,read,/data-sets/snap/db=l2chat,table=le_agents
open,read,/data-sets/snap/db=l2chat,table=le_postchat
open,read,/data-sets/snap/db=l2chat,table=le_prechat
open,read,/data-sets/snap/db=l2chat,table=le_satisfaction
open,read,/data-sets/snap/db=l2chat,table=products
open,read,/data-sets/snap/db=l2chat,table=tagticket
open,read,/data-sets/snap/db=marketing_bouncesystem,table=bouncesystem_bounce_type
open,read,/data-sets/snap/db=marketing_bouncesystem,table=bouncesystem_bounced_email
open,read,/data-sets/snap/db=marketing_bouncesystem,table=bouncesystem_bounced_email_log
open,read,/data-sets/snap/db=merchantaccounts,table=merchantaccount
open,read,/data-sets/snap/db=nemo_ols_common,table=nemo_core_account_metrics
open,read,/data-sets/snap/db=nemo_ols_common,table=nemo_core_site_accounts
open,read,/data-sets/snap/db=netvios,table=servicenowincs
open,read,/data-sets/snap/db=online_appointments,table=accounts
open,read,/data-sets/snap/db=online_appointments,table=kairos_engine_bookings
open,read,/data-sets/snap/db=online_appointments,table=kairos_engine_business_settings
open,read,/data-sets/snap/db=online_appointments,table=kairos_engine_resources
open,read,/data-sets/snap/db=online_appointments,table=kairos_engine_service_snapshots
open,read,/data-sets/snap/db=online_appointments,table=kairos_engine_services
open,read,/data-sets/snap/db=plesk,table=customers
open,read,/data-sets/snap/db=productmetricscoring,table=config_metricdatavaluetype
open,read,/data-sets/snap/db=productmetricscoring,table=score_billinginstance
open,read,/data-sets/snap/db=productmetricscoring,table=score_metricinstance
open,read,/data-sets/snap/db=productmetricscoring,table=score_publishedmetric
open,read,/data-sets/snap/db=productmetricscoring,table=score_shopperresourcebillinginstancemap
open,read,/data-sets/snap/db=redpointoutboundfeeds,table=cs_distributionlink
open,read,/data-sets/snap/db=redpointoutboundfeeds,table=cs_mailinglistcustomer
open,read,/data-sets/snap/db=securepay,table=securepay_engine_accounts
open,read,/data-sets/snap/db=securepay,table=securepay_engine_accounts_payment_methods
open,read,/data-sets/snap/db=securepay,table=securepay_engine_applications
open,read,/data-sets/snap/db=securepay,table=securepay_engine_payment_methods
open,read,/data-sets/snap/db=securepay,table=securepay_engine_transactions
open,read,/data-sets/snap/db=shopper_event,table=resources
open,read,/data-sets/snap/db=theresaleplace,table=appayment
open,read,/data-sets/snap/db=theresaleplace,table=appaymentdetail
open,read,/data-sets/snap/db=theresaleplace,table=auctionsales
open,read,/data-sets/snap/db=theresaleplace,table=dam_auction
open,read,/data-sets/snap/db=theresaleplace,table=dam_auctionpayout
open,read,/data-sets/snap/db=theresaleplace,table=payouttrackingsent
open,read,/data-sets/snap/db=theresaleplace,table=trp_auctiontypes
open,read,/data-sets/snap/db=theresaleplace,table=trp_domainextensions
open,read,/data-sets/snap/db=theresaleplace,table=trp_fulfillmentdata
open,read,/data-sets/snap/db=theresaleplace,table=trp_itembids
open,read,/data-sets/snap/db=theresaleplace,table=trp_itemwinningbids
open,read,/data-sets/snap/db=theresaleplace,table=trp_memberitemsbackorder
open,read,/data-sets/snap/db=theresaleplace,table=trp_members
open,read,/data-sets/snap/db=theresaleplace,table=trp_statuscodes
open,read,/data-sets/snap/db=tro_ssl,table=gdshop_ssl_billing
open,read,/data-sets/snap/db=tro_ssl,table=gdshop_ssl_supportpack_billing
open,read,/data-sets/snap/db=vertigo,table=container
open,read,/data-sets/snap/db=vertigo,table=ipv4
open,read,/data-sets/snap/db=vertigo,table=vac
open,read,/data-sets/snap/db=websitetonight,table=wsb_orionversion
open,read,/data-sets/snap/db=websitetonight,table=wsco_eolstatustracker
open,read,/data-sets/snap/db=websitetonight,table=wsco_project
open,read,/data-sets/snap/db=websitetonight,table=wsco_publish
open,read,/data-sets/snap/db=wopr,table=account
open,read,/data-sets/snap/db=wopr,table=addon_type
open,read,/data-sets/snap/db=wopr,table=addons
open,read,/data-sets/snap/db=wopr,table=country
open,read,/data-sets/snap/db=wopr,table=country_state
open,read,/data-sets/snap/db=wopr,table=domain
open,read,/data-sets/snap/db=wopr,table=email_history
open,read,/data-sets/snap/db=wopr,table=email_type
open,read,/data-sets/snap/db=wopr,table=external_migration_source
open,read,/data-sets/snap/db=wopr,table=mailbox
open,read,/data-sets/snap/db=wopr,table=mailbox_alias
open,read,/data-sets/snap/db=wopr,table=mailbox_history
open,read,/data-sets/snap/db=wopr,table=mailbox_migration_request
open,read,/data-sets/snap/db=wopr,table=mailbox_source
open,read,/data-sets/snap/db=wopr,table=organization
open,read,/data-sets/snap/db=wopr,table=shopper
open,read,/data-sets/snap/db=wopr,table=status
open,read,/data-sets/snap/db=wopr,table=subscription
open,read,/data-sets/snap/db=xco,table=shortener_mapentry
open,read,/data-sets/snap/db=zones_mydns,table=rr_v1
open,read,/data-sets/snap/db=zones_mydns,table=soa
open,read,/data-sets/snap/db=zones_mydns,table=zone_info